OBJECT_NAME,OBJECT_ID,EPOCH,MEAN_MOTION,ECCENTRICITY,INCLINATION,RA_OF_ASC_NODE,ARG_OF_PERICENTER,MEAN_ANOMALY,EPHEMERIS_TYPE,CLASSIFICATION_TYPE,NORAD_CAT_ID,ELEMENT_SET_NO,REV_AT_EPOCH,BSTAR,MEAN_MOTION_DOT,MEAN_MOTION_DDOT
STARLINK-1008,2019-074B,2026-05-16T14:43:35.196384,15.46757537,.00021921,53.1536,219.4482,24.7054,335.4058,0,U,44714,999,35932,.27272396E-3,.13466E-3,0
STARLINK-1012,2019-074F,2026-05-16T14:45:30.847104,15.46963719,.00019367,53.1584,219.7546,19.4809,340.6273,0,U,44718,999,35931,.29292569E-3,.14603E-3,0
STARLINK-1017,2019-074L,2026-05-15T15:02:43.768608,15.29718169,.00043383,53.0493,221.2279,320.9374,39.1311,0,U,44723,999,35919,.88427654E-3,.2554E-3,0
STARLINK-1020,2019-074N,2026-05-16T13:54:47.965248,15.51363604,.00024249,53.1597,244.7726,8.3587,351.7462,0,U,44725,999,35894,.75093413E-3,.4472E-3,0
STARLINK-1036,2019-074AE,2026-05-16T14:36:12.792096,15.66893444,.00023698,53.0424,216.4797,287.9152,72.1605,0,U,44741,999,35934,.40501366E-3,.4339E-3,0
STARLINK-1039,2019-074AH,2026-05-16T09:36:50.696064,15.27082584,.00019891,53.0634,262.5587,353.6948,6.4025,0,U,44744,999,35868,.13183233E-2,.35312E-3,0
STARLINK-1042,2019-074AL,2026-05-16T08:26:36.130848,15.53026721,.00033064,53.0406,129.2903,38.7549,321.3697,0,U,44747,999,36057,.34163504E-3,.21289E-3,0
STARLINK-1043,2019-074AM,2026-05-15T23:19:45.188256,15.58312742,.00021761,53.0499,228.7403,320.3642,39.7210,0,U,44748,999,35912,.41646648E-3,.31781E-3,0
STARLINK-1046,2019-074AQ,2026-05-16T14:24:35.818848,15.52325997,.00056027,53.0484,246.0327,357.9906,2.1080,0,U,44751,999,35893,.7459819E-3,.46024E-3,0
STARLINK-1047,2019-074AR,2026-05-16T09:56:04.816896,15.33975931,.00035277,53.0682,189.2576,72.9707,287.1681,0,U,44752,999,35973,.2128817E-3,.6728E-4,0
STARLINK-1048,2019-074AS,2026-05-16T10:45:06.149376,15.65044715,.00061876,53.0444,198.9712,345.3668,14.7167,0,U,44753,999,35957,.42555865E-3,.42355E-3,0
STARLINK-1063,2019-074BH,2026-05-16T15:01:16.218624,15.46719675,.000061,53.1570,260.4007,40.7687,319.3367,0,U,44768,999,35876,.71101847E-3,.35862E-3,0
STARLINK-1067,2019-074BL,2026-05-16T12:58:47.297280,15.71418471,.00058405,53.0435,231.4769,304.9479,55.0989,0,U,44771,999,35913,.49054615E-3,.63773E-3,0
STARLINK-1068,2019-074BM,2026-05-16T14:52:16.353408,15.72243963,.00020678,53.0438,204.8606,58.1971,301.9248,0,U,44772,999,35950,.43203706E-3,.58017E-3,0
STARLINK-1114,2020-001P,2026-05-16T14:55:57.820800,15.61907731,.00011092,53.0434,0.2713,62.3925,297.7201,0,U,44927,999,35067,.65227246E-3,.57672E-3,0
STARLINK-1123,2020-001S,2026-05-16T13:17:19.531392,15.54558536,.00025009,53.1469,26.1170,179.3474,180.7541,0,U,44930,999,35031,.66528041E-3,.44449E-3,0
STARLINK-1094,2020-001AD,2026-05-16T14:14:37.099680,15.51290853,.00017638,53.1549,0.3888,215.2793,144.8100,0,U,44941,999,35068,.4358086E-3,.25628E-3,0
STARLINK-1122,2020-001AM,2026-05-16T08:12:59.510880,15.51066381,.00014604,53.1582,2.1455,208.0518,152.0413,0,U,44949,999,35063,.11225539E-2,.66551E-3,0
STARLINK-1080,2020-001AZ,2026-05-15T22:22:45.872832,15.58283900,.00021387,53.0464,324.0792,287.1601,72.9176,0,U,44961,999,35112,.10905278E-2,.845E-3,0
STARLINK-1090,2020-001BG,2026-05-16T14:23:46.079232,15.47608626,.000106,53.1509,348.0753,178.4419,181.6593,0,U,44968,999,35085,.64977606E-3,.3376E-3,0
STARLINK-1132,2020-006A,2026-05-14T17:10:00.812352,15.52298414,.00005725,53.1525,298.9638,128.0163,232.0899,0,U,45044,999,34715,.80698164E-3,.49771E-3,0
STARLINK-1131,2020-006D,2026-05-16T05:29:19.281696,15.49366836,.0000534,53.1580,324.0017,206.2406,153.8576,0,U,45047,999,34693,.10213408E-2,.56885E-3,0
STARLINK-1134,2020-006E,2026-05-16T09:47:22.888320,15.53250153,.00056047,53.0276,274.0940,7.2025,352.9064,0,U,45048,999,34763,.16891735E-2,.10925E-2,0
STARLINK-1156,2020-006L,2026-05-15T22:21:40.398048,15.33029749,.00014909,53.1598,328.2816,261.7813,98.3020,0,U,45054,999,34684,.12977184E-2,.4185E-3,0
STARLINK-1166,2020-006S,2026-05-16T13:41:11.858496,15.55783516,.00013024,53.0470,306.5977,261.0473,99.0390,0,U,45060,999,34719,.77828154E-3,.54566E-3,0
STARLINK-1169,2020-006T,2026-05-16T12:47:44.408832,15.36099737,.00032208,53.1562,324.5622,208.5932,151.4896,0,U,45061,999,34695,.10704898E-2,.38E-3,0
STARLINK-1171,2020-006U,2026-05-16T10:02:31.488000,15.71403579,.00016931,53.0403,275.7459,221.3199,138.7690,0,U,45062,999,34761,.48999065E-3,.6361E-3,0
STARLINK-1133,2020-006W,2026-05-16T11:44:53.531808,15.33158396,.00017654,53.1573,302.4613,280.8015,79.2788,0,U,45064,999,34726,.1311212E-2,.42466E-3,0
STARLINK-1167,2020-006AD,2026-05-15T20:59:14.767872,15.35271277,.000255,53.1584,304.7692,202.7439,157.3967,0,U,45071,999,34717,.82055E-3,.28562E-3,0
STARLINK-1168,2020-006AE,2026-05-15T11:50:05.110944,15.33131359,.00018285,53.1580,307.3249,273.8729,86.2064,0,U,45072,999,34710,.88598089E-3,.28495E-3,0
STARLINK-1172,2020-006AG,2026-05-16T04:08:22.836192,15.36307375,.0002237,53.1551,302.8803,209.3822,150.7056,0,U,45074,999,34722,.10258481E-2,.36636E-3,0
STARLINK-1153,2020-006AN,2026-05-16T10:39:34.529760,15.35394187,.0003107,53.1593,302.0221,225.1096,134.9656,0,U,45080,999,34726,.15147511E-2,.52822E-3,0
STARLINK-1151,2020-006AP,2026-05-16T14:59:05.934336,15.74476833,.00024491,53.0515,263.9493,261.8275,98.2466,0,U,45081,999,34779,.47115796E-3,.69829E-3,0
STARLINK-1185,2020-006AV,2026-05-16T09:09:48.722688,15.43499907,.00025052,53.1606,283.7588,293.4455,66.6288,0,U,45087,999,34751,.13495083E-2,.61509E-3,0
STARLINK-1183,2020-006AW,2026-05-16T10:44:41.826912,15.33090455,.00019581,53.1604,287.4584,301.4023,58.6788,0,U,45088,999,34746,.1556252E-2,.50417E-3,0
STARLINK-1152,2020-006BE,2026-05-16T13:30:27.470016,15.46275535,.00028379,53.0354,244.3308,11.3160,348.7909,0,U,45096,999,34806,.64550313E-3,.32008E-3,0
STARLINK-1184,2020-006BG,2026-05-15T21:30:17.613216,15.13302007,.00026868,53.0535,301.1397,342.9090,17.1812,0,U,45098,999,34720,.93139915E-3,.16513E-3,0
STARLINK-1193,2020-006BJ,2026-05-16T15:17:21.611616,15.65686198,.00034899,53.0488,258.8770,242.3442,117.7218,0,U,45100,999,34786,.4347319E-3,.44398E-3,0
STARLINK-1143,2020-012B,2026-05-16T02:21:37.414080,15.81042693,.00010313,53.0395,355.7495,284.7965,75.2942,0,U,45179,999,34652,.8322156E-3,.168125E-2,0
STARLINK-1202,2020-012F,2026-05-16T14:02:41.667936,15.32855785,.00030685,53.1569,83.5398,81.8434,278.2916,0,U,45183,999,34535,.8218793E-3,.2617E-3,0
STARLINK-1216,2020-012H,2026-05-16T13:38:30.649056,15.33126252,.00033259,53.1577,83.5157,89.5124,270.6259,0,U,45185,999,34529,.82548485E-3,.26515E-3,0
STARLINK-1225,2020-012K,2026-05-16T05:46:13.870848,15.33050304,.00027796,53.1579,85.5031,85.2272,274.9047,0,U,45187,999,34528,.12382729E-2,.39934E-3,0
STARLINK-1230,2020-012M,2026-05-16T13:49:58.365408,15.32998030,.00035868,53.1563,83.9965,85.2523,274.8888,0,U,45189,999,34256,.69930735E-3,.22301E-3,0
STARLINK-1234,2020-012N,2026-05-16T14:56:05.918208,15.71304997,.00073264,53.0408,350.6567,150.0494,210.0943,0,U,45190,999,34653,.46135916E-3,.59656E-3,0
STARLINK-1269,2020-012V,2026-05-16T13:44:12.122592,15.33035608,.00031645,53.1571,83.8685,58.7282,301.4029,0,U,45197,999,34531,.77361368E-3,.24747E-3,0
STARLINK-1154,2020-012W,2026-05-16T10:45:59.433120,15.56573334,.0002749,53.0431,44.0534,48.9210,311.2038,0,U,45198,999,34581,.73228815E-3,.52839E-3,0
STARLINK-1199,2020-012Z,2026-05-16T13:01:46.606656,15.33009608,.00026719,53.1579,68.2676,100.5960,259.5343,0,U,45201,999,34555,.76861416E-3,.24563E-3,0
STARLINK-1209,2020-012AE,2026-05-16T04:43:54.976512,15.62560530,.00105162,53.0394,5.9836,141.8541,218.3218,0,U,45206,999,34543,.10336014E-2,.94728E-3,0
STARLINK-1231,2020-012AL,2026-05-16T11:48:56.789280,15.26368516,.00041436,53.0376,62.9914,38.0797,322.0493,0,U,45212,999,34556,.11779427E-2,.30822E-3,0
STARLINK-1271,2020-012AR,2026-05-16T13:01:38.815968,15.33103358,.00022226,53.1591,68.4132,86.8942,273.2314,0,U,45217,999,34555,.83542111E-3,.26818E-3,0
STARLINK-1191,2020-012AW,2026-05-16T10:45:59.459904,15.36828860,.00047568,53.1562,42.4715,110.0687,250.0829,0,U,45222,999,34591,.8813945E-3,.31947E-3,0
STARLINK-1212,2020-012AX,2026-05-16T13:21:02.840832,15.64816310,.00043139,53.0419,20.0741,85.7792,274.3715,0,U,45223,999,34622,.44435558E-3,.43835E-3,0
STARLINK-1215,2020-012AZ,2026-05-16T05:13:11.670816,15.33244709,.00023982,53.1580,44.2131,126.4274,233.6949,0,U,45225,999,34582,.10563939E-2,.34197E-3,0
STARLINK-1221,2020-012BB,2026-05-15T21:09:03.436128,15.44091350,.00023318,53.0654,310.6461,188.2143,171.8825,0,U,45227,999,34708,.27185016E-3,.12225E-3,0
STARLINK-1222,2020-012BC,2026-05-16T09:10:51.819744,15.53605226,.0000999,53.0544,17.2345,66.8410,293.2705,0,U,45228,999,34613,.51838199E-3,.33291E-3,0
STARLINK-1226,2020-012BD,2026-05-16T05:49:23.287296,15.41556288,.00035386,53.1577,41.5222,123.9216,236.2127,0,U,45229,999,34580,.87476622E-3,.37083E-3,0
STARLINK-1227,2020-012BE,2026-05-16T10:46:06.310560,15.41689387,.00040622,53.1560,40.6801,120.9953,239.1453,0,U,45230,999,34595,.90910673E-3,.38738E-3,0
STARLINK-1246,2020-012BK,2026-05-16T13:54:58.398912,15.33184723,.00033516,53.1580,83.4673,105.0006,255.1367,0,U,45235,999,34537,.11397326E-2,.3687E-3,0
STARLINK-1270,2020-012BM,2026-05-16T04:01:20.060256,15.58060836,.0003951,53.0423,22.4086,112.5558,247.5872,0,U,45237,999,34615,.10660202E-2,.81886E-3,0
STARLINK-1279,2020-019A,2026-05-16T05:15:53.234496,15.71329988,.00094569,53.0352,127.4517,34.8892,325.2743,0,U,45360,999,34124,.5012688E-3,.65045E-3,0
STARLINK-1301,2020-019B,2026-05-16T08:34:22.215648,15.73588379,.00069215,53.0370,129.7855,51.6126,308.5513,0,U,45361,999,34123,.55306839E-3,.79155E-3,0
STARLINK-1262,2020-019G,2026-05-16T11:17:48.380640,15.32175188,.00031149,53.1553,210.2762,6.3831,353.7210,0,U,45366,999,34013,.11259811E-2,.35267E-3,0
STARLINK-1273,2020-019H,2026-05-16T12:36:34.553952,15.54036874,.00058956,53.0452,189.6223,341.5115,18.5680,0,U,45367,999,34041,.62041744E-3,.40636E-3,0
STARLINK-1277,2020-019K,2026-05-16T12:11:43.836864,15.60246688,.00064194,53.0444,184.8029,333.8171,26.2516,0,U,45369,999,34048,.56388913E-3,.4665E-3,0
STARLINK-1281,2020-019L,2026-05-16T11:53:49.224768,15.33074319,.00040488,53.1566,209.9266,1.6728,358.4287,0,U,45370,999,34014,.62418282E-3,.19908E-3,0
STARLINK-1300,2020-019Q,2026-05-16T13:54:08.999712,15.33422805,.00041213,53.1590,209.5053,13.8675,346.2440,0,U,45374,999,34015,.15181822E-2,.49698E-3,0
STARLINK-1302,2020-019R,2026-05-16T13:26:21.578208,15.65062368,.00050147,53.0448,181.2630,359.6366,0.4644,0,U,45375,999,34053,.38324764E-3,.38084E-3,0
STARLINK-1304,2020-019S,2026-05-16T10:15:38.016576,15.59615609,.00061628,53.0420,182.4363,355.8541,4.2419,0,U,45376,999,34050,.86673778E-3,.70465E-3,0
STARLINK-1305,2020-019T,2026-05-16T07:24:39.029184,15.65360539,.0010594,53.0369,162.9324,3.0377,357.0700,0,U,45377,999,34077,.43076261E-3,.43514E-3,0
STARLINK-1319,2020-019V,2026-05-16T13:14:19.926528,15.73679988,.00053381,53.0392,154.3984,21.5516,338.5726,0,U,45379,999,34091,.43369713E-3,.6202E-3,0
STARLINK-1266,2020-019Z,2026-05-16T13:58:45.643872,15.55836026,.00056945,53.0433,166.7478,348.1218,11.9657,0,U,45383,999,34073,.62814412E-3,.43996E-3,0
STARLINK-1267,2020-019AA,2026-05-16T12:17:41.963136,15.61849763,.00071883,53.0434,158.6124,29.7974,330.3447,0,U,45384,999,34084,.57621501E-3,.5078E-3,0
STARLINK-1272,2020-019AC,2026-05-16T09:47:06.958752,15.67141977,.0008177,53.0378,138.6702,20.4456,339.6885,0,U,45386,999,34111,.80574892E-3,.8838E-3,0
STARLINK-1274,2020-019AD,2026-05-16T10:30:31.942944,15.57751146,.00095489,53.0206,136.3577,43.6527,316.5237,0,U,45387,999,34114,.7226199E-3,.54602E-3,0
STARLINK-1280,2020-019AE,2026-05-16T07:38:08.567808,15.74366192,.00059988,53.0365,148.0506,28.3062,331.8281,0,U,45388,999,34096,.49211747E-3,.72697E-3,0
STARLINK-1283,2020-019AF,2026-05-16T10:39:04.771872,15.68322811,.00045296,53.0383,137.7868,46.1192,314.0197,0,U,45389,999,34113,.43673959E-3,.49718E-3,0
STARLINK-1284,2020-019AG,2026-05-16T12:13:39.119520,15.67378688,.00050015,53.0393,161.1653,337.9434,22.1366,0,U,45390,999,34080,.39984433E-3,.43708E-3,0
STARLINK-1297,2020-019AM,2026-05-16T15:05:38.216256,15.65834368,.000676,53.0404,159.3467,346.6351,13.4484,0,U,45395,999,34002,.40059189E-3,.41128E-3,0
STARLINK-1307,2020-019AP,2026-05-16T07:55:37.205472,15.55052677,.0002303,53.0515,164.8580,32.9820,327.1334,0,U,45397,999,34056,.43735542E-3,.29539E-3,0
STARLINK-1255,2020-019AR,2026-05-16T10:19:41.579040,15.62705830,.00065164,53.0338,133.6931,34.0899,326.0532,0,U,45399,999,34099,.69554691E-3,.63587E-3,0
STARLINK-1260,2020-019AW,2026-05-16T13:52:48.271872,15.35668453,.00056912,53.1546,172.6866,9.1305,350.9800,0,U,45404,999,34038,.74456181E-3,.25914E-3,0
STARLINK-1263,2020-019AX,2026-05-16T13:48:32.607360,15.33156517,.00041813,53.1561,173.5356,28.4747,331.6483,0,U,45405,999,34037,.65286959E-3,.20898E-3,0
STARLINK-1265,2020-019AY,2026-05-16T13:49:48.120096,15.36004524,.00053615,53.1553,172.7432,2.0861,358.0164,0,U,45406,999,34038,.58325516E-3,.20422E-3,0
STARLINK-1278,2020-019BA,2026-05-16T08:22:37.837920,15.66607512,.00069002,53.0387,159.8065,6.5243,353.5861,0,U,45408,999,34053,.46281316E-3,.49171E-3,0
STARLINK-1296,2020-019BE,2026-05-16T13:17:38.065920,15.36206659,.00062956,53.1552,172.5748,0.6429,359.4581,0,U,45412,999,34038,.69553495E-3,.24606E-3,0
STARLINK-1309,2020-019BG,2026-05-16T11:38:14.730144,15.65937076,.00066494,53.0596,152.8870,345.2928,14.7893,0,U,45414,999,34062,.39469731E-3,.40679E-3,0
STARLINK-1316,2020-019BH,2026-05-16T07:58:42.697632,15.36482938,.00063992,53.1552,173.5966,1.5373,358.5649,0,U,45415,999,34037,.99597314E-3,.35774E-3,0
STARLINK-1286,2020-019BK,2026-05-16T08:14:42.147168,15.56338665,.00037178,53.0448,164.2852,348.8006,11.2921,0,U,45417,999,34074,.5797579E-3,.41309E-3,0
STARLINK-1308,2020-019BM,2026-05-16T08:12:30.268800,15.62904348,.00077147,53.0462,184.1112,329.0519,31.0039,0,U,45419,999,34021,.93651147E-3,.86754E-3,0
STARLINK-1329,2020-025A,2026-05-16T04:20:56.033376,15.70224007,.00053806,53.0419,109.8107,57.2193,302.9341,0,U,45531,999,33602,.42886616E-3,.52863E-3,0
STARLINK-1338,2020-025B,2026-05-16T04:44:54.784320,15.65533423,.00027463,53.0430,115.5336,64.0123,296.1175,0,U,45532,999,33594,.16683942E-3,.16531E-3,0
STARLINK-1350,2020-025E,2026-05-16T13:09:32.896224,15.37700517,.00016972,53.0727,74.0379,66.0653,294.0527,0,U,45535,999,33659,.25924076E-3,.936E-4,0
STARLINK-1362,2020-025H,2026-05-16T05:24:42.577056,15.34719800,.00036998,53.1566,146.2518,66.9483,293.1909,0,U,45538,999,33553,-.54814827E-2,-.183065E-2,0
STARLINK-1368,2020-025K,2026-05-16T07:18:25.909920,15.35259566,.00042837,53.1556,146.2577,42.1741,317.9591,0,U,45540,999,33553,.95621349E-3,.32977E-3,0
STARLINK-1371,2020-025M,2026-05-16T06:21:34.456032,15.58108868,.000692,53.0444,123.7910,38.6099,321.5406,0,U,45542,999,33583,.99455747E-3,.765E-3,0
STARLINK-1372,2020-025N,2026-05-16T08:03:27.651744,15.35803701,.00042641,53.1565,145.6929,34.6599,325.4681,0,U,45543,999,33464,.11600982E-2,.40841E-3,0
STARLINK-1373,2020-025P,2026-05-16T08:52:23.943648,15.67246210,.00043447,53.0444,120.2263,15.6412,344.4737,0,U,45544,999,33589,.48068824E-3,.52425E-3,0
STARLINK-1327,2020-025AA,2026-05-16T04:27:42.249888,15.64957945,.00053124,53.0413,97.9023,19.9196,340.2025,0,U,45555,999,33618,.44960103E-3,.44626E-3,0
STARLINK-1356,2020-025AK,2026-05-16T14:58:17.451840,15.54819986,.00038653,53.0450,107.8251,26.0782,334.0422,0,U,45564,999,33608,.7156541E-3,.4835E-3,0
STARLINK-1357,2020-025AL,2026-05-16T12:36:14.844384,15.66828229,.00079066,53.0463,66.4489,56.3111,303.8657,0,U,45565,999,33666,.46510841E-3,.49886E-3,0
STARLINK-1361,2020-025AN,2026-05-16T10:35:47.811840,15.58477066,.00022487,53.0439,107.1674,25.8318,334.2806,0,U,45567,999,33608,.63915188E-3,.49461E-3,0
STARLINK-1363,2020-025AP,2026-05-16T11:57:47.058048,16.02715866,.00023902,53.0320,53.5621,193.8570,166.2396,0,U,45568,999,33682,.65461665E-3,.399851E-2,.820647E-4
STARLINK-1366,2020-025AQ,2026-05-16T16:00:01.999584,15.97242575,.00009796,53.0332,54.6954,176.3393,117.5536,0,U,45569,999,605,.78128516E-3,.348313E-2,.60462658E-4
STARLINK-1376,2020-025AR,2026-05-16T10:44:50.993952,15.36139432,.0005642,53.1553,121.6249,36.0536,324.0847,0,U,45570,999,33589,.63833875E-3,.22493E-3,0
STARLINK-1320,2020-025AT,2026-05-14T09:05:55.860000,15.80378744,.00034992,53.0461,18.7856,214.0044,146.0753,0,U,45572,999,33715,.46057005E-3,.89123E-3,0
STARLINK-1321,2020-025AU,2026-05-16T03:28:11.552160,15.59645674,.00054924,53.0422,92.6716,49.8513,310.2980,0,U,45573,999,33595,.58024601E-3,.46911E-3,0
STARLINK-1331,2020-025AZ,2026-05-16T14:43:58.923552,15.59262836,.00067011,53.0473,97.2478,32.6693,327.4732,0,U,45578,999,33624,.66093842E-3,.52783E-3,0
STARLINK-1333,2020-025BB,2026-05-16T04:35:02.603040,15.33158237,.00034368,53.1555,123.8580,57.2884,302.8449,0,U,45580,999,33584,.97223982E-3,.31347E-3,0
STARLINK-1335,2020-025BC,2026-05-16T08:58:19.873632,15.34679805,.00045049,53.1530,119.9810,51.8110,308.3298,0,U,45581,999,33590,.10697966E-2,.36275E-3,0
STARLINK-1337,2020-025BD,2026-05-16T13:46:29.980704,15.71191747,.00075139,53.0465,88.6780,41.4982,318.6604,0,U,45582,999,33634,.47511208E-3,.61174E-3,0
STARLINK-1347,2020-025BH,2026-05-16T11:40:45.649344,15.66063011,.00050736,53.0392,58.7220,69.7959,290.3601,0,U,45586,999,33675,.46630486E-3,.48433E-3,0
STARLINK-1364,2020-025BL,2026-05-16T08:17:25.002528,15.60454199,.00054102,53.0439,95.8595,14.2278,345.8886,0,U,45589,999,33622,.56866953E-3,.4742E-3,0
STARLINK-1365,2020-025BM,2026-05-16T11:20:24.193536,15.55441092,.00064933,53.0460,127.9691,14.2495,345.8697,0,U,45590,999,33580,.83699866E-3,.58047E-3,0
STARLINK-1443,2020-035D,2026-05-16T09:48:20.061792,15.30634282,.0004352,53.1330,111.1893,31.3770,328.7490,0,U,45660,999,32911,.82211297E-3,.24403E-3,0
STARLINK-1446,2020-035G,2026-05-16T10:23:12.509088,15.46241851,.00045952,53.0236,36.8064,105.9220,254.2293,0,U,45663,999,33014,.45034915E-3,.22149E-3,0
STARLINK-1448,2020-035J,2026-05-16T13:54:42.000192,15.65462735,.00074501,53.0446,82.2386,33.5306,326.6179,0,U,45665,999,32951,.48564741E-3,.49297E-3,0
STARLINK-1451,2020-035M,2026-05-16T10:40:32.313216,15.13148943,.00026787,53.0508,119.3532,50.4416,309.6812,0,U,45668,999,32899,.72330508E-3,.12694E-3,0
STARLINK-1452,2020-035N,2026-05-16T12:12:32.335776,15.54893495,.00004647,53.0271,56.1065,93.9569,266.1494,0,U,45669,999,32988,.89915793E-3,.61123E-3,0
STARLINK-1453,2020-035P,2026-05-16T14:48:20.391552,15.65895395,.00032366,53.0420,42.4202,114.1290,246.0063,0,U,45670,999,32997,.51392003E-3,.53088E-3,0
STARLINK-1454,2020-035Q,2026-05-16T13:32:04.818624,15.63911851,.00035826,53.0435,83.3131,22.1667,337.9501,0,U,45671,999,32949,.86330275E-3,.83046E-3,0
STARLINK-1456,2020-035S,2026-05-16T07:39:40.665024,15.61883480,.00069522,53.0427,78.8590,68.4773,291.6981,0,U,45673,999,32955,.83829124E-3,.74427E-3,0
STARLINK-1457,2020-035T,2026-05-16T15:18:36.591264,16.18047625,.00062242,53.0327,35.1153,244.5099,115.5295,0,U,45674,999,33015,.69535607E-3,.1167002E-1,.10238961E-2
STARLINK-1458,2020-035U,2026-05-16T14:20:20.185440,15.53004531,.00058603,53.0476,90.6208,25.6748,334.4551,0,U,45675,999,32937,.95180788E-3,.60433E-3,0
STARLINK-1460,2020-035V,2026-05-16T14:53:23.582112,15.33010825,.00042835,53.1555,109.0147,65.8648,294.2801,0,U,45676,999,32912,.84802139E-3,.27154E-3,0
STARLINK-1392,2020-035W,2026-05-16T14:52:12.705600,15.36148875,.00034208,53.1519,108.1677,70.5125,289.6247,0,U,45677,999,32917,.84061769E-3,.29773E-3,0
STARLINK-1394,2020-035Y,2026-05-16T06:05:23.085024,15.61742667,.00077317,53.0417,69.4142,70.6068,289.5780,0,U,45679,999,32967,.11327986E-2,.10056E-2,0
STARLINK-1402,2020-035AE,2026-05-16T11:29:15.540576,15.55037474,.00074635,53.0417,57.9791,94.2289,265.9574,0,U,45685,999,32986,.60892994E-3,.41395E-3,0
STARLINK-1404,2020-035AF,2026-05-16T13:41:04.479936,15.41947353,.00051212,53.1564,90.9860,81.1034,279.0551,0,U,45686,999,32941,.84280785E-3,.36189E-3,0
STARLINK-1413,2020-035AJ,2026-05-16T14:15:06.691680,15.33028498,.00035869,53.1570,93.7775,84.7644,275.3767,0,U,45689,999,32929,.12075888E-2,.38905E-3,0
STARLINK-1417,2020-035AN,2026-05-16T04:28:02.901216,15.15668726,.00060552,53.0478,107.5992,66.4832,293.6797,0,U,45693,999,32912,.12060959E-2,.22997E-3,0
STARLINK-1420,2020-035AQ,2026-05-16T06:01:21.635040,15.65698245,.00066318,53.0467,53.1338,67.4722,292.6994,0,U,45695,999,32990,.49166298E-3,.50383E-3,0
STARLINK-1422,2020-035AR,2026-05-16T14:20:09.526272,15.33090684,.0003523,53.1568,93.7194,78.9529,281.1869,0,U,45696,999,32937,.99990231E-3,.32184E-3,0
STARLINK-1351,2020-035AS,2026-05-16T01:22:45.617952,15.64002625,.00062149,53.0447,54.2531,76.0121,284.1584,0,U,45697,999,32987,.10439133E-2,.101179E-2,0
STARLINK-1400,2020-035AV,2026-05-16T11:49:51.966912,15.61566724,.0005115,53.0444,54.3869,37.6999,322.4372,0,U,45700,999,32990,.63508801E-3,.55408E-3,0
STARLINK-1403,2020-035AW,2026-05-16T06:27:17.662752,15.32070056,.00029964,53.1551,82.6328,89.9026,270.2319,0,U,45701,999,32949,.11625845E-2,.3631E-3,0
STARLINK-1407,2020-035AY,2026-05-16T06:54:31.565376,15.70272896,.00028041,53.0293,343.4330,359.8656,0.2359,0,U,45703,999,33088,.476194E-3,.58897E-3,0
STARLINK-1411,2020-035BB,2026-05-16T08:15:42.318720,15.80104691,.00017996,53.0353,6.6650,176.1905,183.9130,0,U,45706,999,33055,.11359856E-2,.221431E-2,0
STARLINK-1423,2020-035BF,2026-05-16T11:40:36.344928,15.66632539,.00074908,53.0445,51.5751,39.9824,320.1741,0,U,45710,999,32993,.46950416E-3,.49956E-3,0
STARLINK-1433,2020-035BG,2026-05-16T14:14:46.042080,15.66245277,.0007547,53.0448,49.5798,45.6608,314.5024,0,U,45711,999,32997,.4377482E-3,.45789E-3,0
STARLINK-1434,2020-035BH,2026-05-16T12:17:05.823744,15.32498240,.00038724,53.0510,64.3958,45.1290,315.0024,0,U,45712,999,32977,.63721056E-3,.19963E-3,0
STARLINK-1465,2020-038B,2026-05-16T15:00:15.951168,15.60536532,.00013175,53.0450,254.4876,271.2000,88.8861,0,U,45731,999,32695,.50813627E-3,.42403E-3,0
STARLINK-1471,2020-038F,2026-05-16T13:47:11.563296,15.52375765,.00029154,53.0435,175.8797,60.5528,299.5771,0,U,45735,999,32806,.33910611E-3,.20628E-3,0
STARLINK-1480,2020-038M,2026-05-16T14:31:30.390240,15.62121689,.00051008,53.0490,248.2283,316.9209,43.1404,0,U,45741,999,32705,.53685945E-3,.47735E-3,0
STARLINK-1500,2020-038Q,2026-05-15T23:55:16.059360,15.38130343,.00023297,53.0361,236.1588,95.5332,264.5936,0,U,45744,999,32716,.44648675E-3,.16655E-3,0
STARLINK-1504,2020-038S,2026-05-16T08:15:05.020704,15.57535586,.00033572,53.0194,174.6532,37.6197,322.5049,0,U,45746,999,32804,.3613056E-3,.26689E-3,0
STARLINK-1506,2020-038T,2026-05-16T14:13:24.032064,15.27919688,.00036657,53.0746,247.8219,108.6400,251.4997,0,U,45747,999,32706,.22887153E-3,.5974E-4,0
STARLINK-1464,2020-038X,2026-05-16T06:53:27.182688,15.52525123,.00024926,53.0461,241.1547,329.7629,30.3236,0,U,45751,999,32712,.10078476E-2,.62904E-3,0
STARLINK-1477,2020-038AA,2026-05-16T01:41:02.186880,15.17853679,.00012185,53.0478,265.8728,173.6751,186.4258,0,U,45754,999,32675,.11437516E-2,.23202E-3,0
STARLINK-1478,2020-038AB,2026-05-16T10:30:34.690464,15.65816730,.00030406,53.0459,227.4093,354.5933,5.5048,0,U,45755,999,32731,.46742508E-3,.4805E-3,0
STARLINK-1493,2020-038AF,2026-05-16T14:22:04.204128,15.61504482,.00056944,53.0479,235.6894,308.0370,52.0128,0,U,45759,999,32721,.66632956E-3,.58046E-3,0
STARLINK-1494,2020-038AG,2026-05-16T16:00:01.999584,15.93605876,.00074473,53.0396,169.1834,5.2558,158.6296,0,U,45760,999,603,.66021323E-3,.241431E-2,.33404376E-4